{
  "appName": "ST Schema Serverless Example",
  "partnerName": "ST Schema Serverless Example",
  "schemaType": "st-schema",
  "oAuthClientId": "a4a278fd-0ac1-47d9-b93a-987e3f401015",
  "oAuthClientSecret": "830c120e-a791-453c-94b7-302fea58a823",
  "oAuthAuthorizationUrl": "https://n3a2x47r7ljfcalalelhqwsaqm0ghsvp.lambda-url.us-east-1.on.aws/oauth/login",
  "oAuthTokenUrl": "https://n3a2x47r7ljfcalalelhqwsaqm0ghsvp.lambda-url.us-east-1.on.aws/oauth/token",
  "oAuthScope": "",
  "hostingType": "lambda",
  "lambdaArn": "arn:aws:lambda:us-east-1:724654530255:function:st-schema-serverless-example-dev-schema",
  "userEmail": "bob@smartthings.com"
}
